Name,Sub Category,Plan,AUM,Time since inception,Benchmark,Exit Load,Lock-in,Minimum Lumpsum,Minimum SIP,NAV
360 ONE Dynamic Bond Fund,Dynamic Bond Fund,Growth,789.7781891,136,CRISIL Dynamic Bond Index,0.0000,0,10000,1500,22.13
360 ONE Liquid Fund,Liquid Fund,Growth,1071.553027,131,CRISIL Liquid Debt Index,0.0065,0,5000,1000,1913.21
Aditya Birla SL Banking & PSU Debt,Banking & PSU Fund,Growth,9406.5218,141,NIFTY Banking and PSU Debt Index,0.0000,0,1000,1000,355.03
Aditya Birla SL Corp Bond Fund,Corporate Bond Fund,Growth,21436.8831,141,NIFTY Corporate Bond Index,0.0000,0,100,0,107.09
Aditya Birla SL Credit Risk Fund,Credit Risk Fund,Growth,914.2492,114,CRISIL Credit Risk Debt Index,2.0000,0,100,0,21.25
Aditya Birla SL CRISIL IBX 50:50 Gilt Plus SDL Apr 2028 Index Fund,Gilt - Short & Mid Term Fund,Growth,416.1379,24,CRISIL IBX 50:50 Gilt Plus SDL Index - April 2028,0.0000,0,500,0,11.66
Aditya Birla SL CRISIL IBX 60:40 SDL + AAA PSU - Apr 2025 Index Fund,Corporate Bond Fund,Growth,243.0382,31,CRISIL IBX 60:40 SDL + AAA PSU Index - April 2025,0.0000,0,500,500,11.42
Aditya Birla SL CRISIL IBX 60:40 SDL + AAA PSU - Apr 2027 Index Fund,Corporate Bond Fund,Growth,1646.4241,31,CRISIL IBX 60:40 SDL + AAA PSU Index - April 2027,0.0000,0,500,0,11.47
Aditya Birla SL CRISIL IBX 60:40 SDL + AAA PSU Apr 2026 Index Fund,Corporate Bond Fund,Growth,51.1211,22,CRISIL IBX 60:40 SDL + AAA PSU Index - April 2026,0.0000,0,500,500,11.31
Aditya Birla SL CRISIL IBX Gilt - April 2026 Index Fund,Gilt - Short & Mid Term Fund,Growth,336.5805,24,CRISIL IBX Gilt Index - April 2026,0.0000,0,500,0,11.51
Aditya Birla SL CRISIL IBX Gilt Apr 2028 Index Fund,Gilt - Short & Mid Term Fund,Growth,28.4259,19,CRISIL IBX Gilt Index - April 2028,0.0000,0,500,0,11.16
Aditya Birla SL CRISIL IBX Gilt Apr 2029 Index Fund,Gilt - Short & Mid Term Fund,Growth,691.2588,24,CRISIL IBX Gilt Index - April 2029,0.0000,0,500,0,11.73
Aditya Birla SL CRISIL IBX Gilt April 2033 Index Fund,Gilt - Short & Mid Term Fund,Growth,87.8513,10,CRISIL IBX Gilt Index - April 2033,0.0000,0,1000,0,10.70
Aditya Birla SL CRISIL IBX Gilt June 2027 Index Fund,Gilt - Short & Mid Term Fund,Growth,19.6268,4,CRISIL IBX Gilt Index - June 2027,0.0000,0,1000,0,10.25
Aditya Birla SL CRISIL IBX SDL Jun 2032 Index Fund,Gilt - Short & Mid Term Fund,Growth,142.507,20,CRISIL IBX SDL Index - June 2032,0.0000,0,500,0,11.48
Aditya Birla SL Dynamic Bond Fund,Dynamic Bond Fund,Growth,1687.6208,141,NIFTY Composite Debt Index,0.5000,0,1000,0,46.23
Aditya Birla SL Floating Rate Fund,Floating Rate Fund,Growth,12671.5286,141,NIFTY Low Duration Debt Index,0.0000,0,1000,0,334.37
Aditya Birla SL FTP-TI-1837D,Fixed Maturity Plans,Growth,297.9719,40,CRISIL Medium to Long Term Debt Index,0.0000,0,0,0,12.02
Aditya Birla SL FTP-TJ-1838D,Fixed Maturity Plans,Growth,24.3287,39,CRISIL Medium to Long Term Debt Index,0.0000,0,0,0,12.01
Aditya Birla SL FTP-TQ-1879D,Fixed Maturity Plans,Growth,205.4482,31,CRISIL Medium to Long Term Debt Index,0.0000,0,0,0,11.59
Aditya Birla SL FTP-UB-1224D,Fixed Maturity Plans,Growth,23.9159,22,CRISIL Medium Duration Debt Index,0.0000,0,0,0,11.31
Aditya Birla SL FTP-UJ-1110D,Fixed Maturity Plans,Growth,71.6715,19,CRISIL Medium Duration Debt Index,0.0000,0,0,0,11.13
Aditya Birla SL G-Sec Fund,Gilt - Short & Mid Term Fund,Growth,1865.6864,141,Nifty All Duration G-Sec Index,0.0000,0,1000,0,82.33
Aditya Birla SL G-Sec Fund,Gilt - Short & Mid Term Fund,Growth,1865.6864,141,Nifty All Duration G-Sec Index,0.0000,0,1000,0,82.33
Aditya Birla SL Income Fund,Medium to Long Duration Fund,Growth,2012.1001,141,CRISIL Medium to Long Term Debt Index,0.0000,0,1000,0,126.93
Aditya Birla SL Inv Inc-QS I,Debt - Interval Fund,Growth,33.4876,141,CRISIL Liquid Debt Index,0.0000,0,0,0,32.34
Aditya Birla SL Liquid Fund,Liquid Fund,Growth,51273.5065,142,Nifty Liquid Fund Index,0.0060,0,500,0,401.99
Aditya Birla SL Long Duration Fund,Long Duration Fund,Growth,122.4336,26,NIFTY Long Duration Debt Index,0.0000,0,100,500,12.18
Aditya Birla SL Low Duration Fund,Low Duration Fund,Growth,10832.5499,141,NIFTY Low Duration Debt Index,0.0000,0,100,0,680.95
Aditya Birla SL Medium Term Plan,Medium Duration Fund,Growth,1868.9118,141,CRISIL Medium Duration Debt Index,2.0000,0,1000,0,38.63
Aditya Birla SL Money Manager Fund,Money Market Fund,Growth,26499.2287,142,CRISIL Money Market Index,0.0000,0,1000,0,351.85
Aditya Birla SL Nifty SDL Apr 2027 Index Fund,Gilt - Short & Mid Term Fund,Growth,4292.7093,33,Nifty SDL Apr 2027 Index,0.0000,0,500,0,11.65
Aditya Birla SL Nifty SDL Plus PSU Bond Sep 2026 60:40 Index Fund,Corporate Bond Fund,Growth,10801.6698,37,Nifty SDL Plus PSU Bond Sep 2026 60:40 Index,0.0000,0,500,0,11.64
Aditya Birla SL Nifty SDL Sep 2025 Index Fund,Gilt - Short & Mid Term Fund,Growth,76.2832,25,Nifty SDL Sep 2025 Index,0.0000,0,500,0,11.50
Aditya Birla SL Nifty SDL Sep 2027 Index Fund,Gilt - Short & Mid Term Fund,Growth,39.5988,19,Nifty SDL Sep 2027 Index,0.0000,0,500,0,11.31
Aditya Birla SL Overnight Fund,Overnight Fund,Growth,8823.35,71,CRISIL Liquid Overnight Index,0.0000,0,500,0,1331.82
Aditya Birla SL Savings Fund,Ultra Short Duration Fund,Growth,13722.2792,141,NIFTY Ultra Short Duration Debt Index,0.0000,0,1000,1000,522.75
Aditya Birla SL Short Term Fund,Short Duration Fund,Growth,8315.201,141,Nifty Short Duration Debt Index,0.0000,0,1000,0,47.86
Axis Banking & PSU Debt Fund,Banking & PSU Fund,Growth,13679.1244,141,NIFTY Banking and PSU Debt Index,0.0000,0,5000,0,2536.39
Axis Corp Debt Fund,Corporate Bond Fund,Growth,5511.3934,87,NIFTY Corporate Bond Index,0.0000,0,100,12000,16.77
Axis Credit Risk Fund,Credit Risk Fund,Growth,440.6464976,123,CRISIL Credit Risk Debt Index,1.0000,0,5000,100,22.21
Axis CRISIL IBX 50:50 Gilt Plus SDL June 2028 Index Fund,Gilt - Short & Mid Term Fund,Growth,70.4626,21,CRISIL IBX 50:50 Gilt Plus SDL Index - June 2028,0.0000,0,5000,0,11.31
Axis CRISIL IBX 50:50 Gilt Plus SDL Sep 2027 Index Fund,Gilt - Short & Mid Term Fund,Growth,32.950301,20,CRISIL IBX 50:50 Gilt Plus SDL Index - September 2027,0.0000,0,5000,0,11.30
Axis CRISIL IBX 70:30 CPSE Plus SDL April 2025 Index Fund,Corporate Bond Fund,Growth,572.688301,33,CRISIL IBX 70:30 CPSE Plus SDL - April 2025,0.0000,0,5000,0,11.48
Axis CRISIL IBX SDL June 2034 Debt Index Fund,Gilt - Short & Mid Term Fund,Growth,21.182401,7,CRISIL IBX SDL Index - June 2034,0.0000,0,5000,0,10.46
Axis CRISIL IBX SDL May 2027 Index Fund,Gilt - Short & Mid Term Fund,Growth,2180.3009,32,CRISIL IBX SDL Index - May 2027,0.0000,0,5000,0,11.53
Axis Dynamic Bond Fund,Dynamic Bond Fund,Growth,1685.232699,141,NIFTY Composite Debt Index,0.0000,0,5000,1000,30.36
Axis Floater Fund,Floating Rate Fund,Growth,255.0066,39,NIFTY Long Duration Debt Index,0.0000,0,5000,1000,1228.88
Axis FTP-112-1143D,Fixed Maturity Plans,Growth,74.3434,19,CRISIL Medium Duration Debt Index,0.0000,0,0,0,11.27
Axis FTP-113-1228D,Fixed Maturity Plans,Growth,89.622502,19,CRISIL Medium Duration Debt Index,0.0000,0,0,0,11.13
Axis Gilt Fund,Gilt - Short & Mid Term Fund,Growth,436.0897,141,CRISIL Dynamic Gilt Index,0.0000,0,5000,1000,25.51
Axis Liquid Fund,Liquid Fund,Growth,27339.164,142,Nifty Liquid Fund Index,0.0065,0,500,0,2767.91
Axis Long Duration Fund,Long Duration Fund,Growth,347.695199,22,NIFTY Long Duration Debt Index,0.0000,0,5000,0,1182.96
Axis Money Market Fund,Money Market Fund,Growth,12947.5682,62,Nifty Money Market Index,0.0000,0,5000,12000,1354.83
Axis Nifty SDL Sep 2026 Debt Index Fund,Gilt - Short & Mid Term Fund,Growth,79.5662,23,Nifty SDL Sep 2026 Index,0.0000,0,5000,0,11.41
Axis Overnight Fund,Overnight Fund,Growth,8181.1252,67,Nifty 1D Rate Index,0.0000,0,500,0,1302.61
Axis Short Term Fund,Short Duration Fund,Growth,8413.5702,141,Nifty Short Duration Debt Index,0.0000,0,5000,0,31.30
Axis Strategic Bond Fund,Medium Duration Fund,Growth,1941.861402,141,NIFTY Medium Duration Debt Index,1.0000,0,100,12000,28.51
Axis Treasury Advantage Fund,Low Duration Fund,Growth,4961.632302,141,NIFTY Low Duration Debt Index,0.0000,0,5000,100,3036.52
Axis Ultra Short Term Fund,Ultra Short Duration Fund,Growth,4958.634328,73,NIFTY Ultra Short Duration Debt Index,0.0000,0,5000,1000,14.67
Bajaj Finserv Banking and PSU Fund,Banking & PSU Fund,Growth,110.3549,11,NIFTY Banking and PSU Debt Index,0.0000,0,1000,1000,10.72
Bajaj Finserv Liquid Fund,Liquid Fund,Growth,4995.618,15,Nifty Liquid Fund Index,0.0060,0,100,1000,1087.01
Bajaj Finserv Money Market Fund,Money Market Fund,Growth,2575.0766,15,Nifty Money Market Index,0.0000,0,1000,0,1088.69
Bajaj Finserv Overnight Fund,Overnight Fund,Growth,285.758401,15,CRISIL Liquid Overnight Index,0.0000,0,100,1000,1079.84
Bandhan Banking & PSU Debt Fund,Banking & PSU Fund,Growth,13887.9518,139,NIFTY Banking and PSU Debt Index,0.0000,0,1000,0,23.69
Bandhan Bond Fund - Income Plan,Medium to Long Duration Fund,Growth,491.9882,141,NIFTY Medium to Long Duration Debt Index,1.0000,0,1000,100,67.18
Bandhan Bond Fund - Medium Term Plan,Medium Duration Fund,Growth,1512.8017,141,NIFTY Medium Duration Debt Index,0.0000,0,1000,100,46.43
Bandhan Bond Fund - Short Term Plan,Short Duration Fund,Growth,8908.6551,141,Nifty Short Duration Debt Index,0.0000,0,1000,100,56.95
Bandhan Corp Bond Fund,Corporate Bond Fund,Growth,13633.4575,105,NIFTY Corporate Bond Index,0.0000,0,1000,0,18.45
Bandhan Credit Risk Fund,Credit Risk Fund,Growth,330.4526,91,NIFTY Credit Risk Bond Index,1.0000,0,1000,100,16.65
Bandhan CRISIL IBX 90:10 SDL Plus Gilt - April 2032 Index Fund,Gilt - Short & Mid Term Fund,Growth,363.7023,23,CRISIL IBX 90:10 SDL Plus Gilt Index - April 2032,0.0000,0,1000,0,11.61
Bandhan CRISIL IBX 90:10 SDL Plus Gilt - Nov 2026 Index Fund,Gilt - Short & Mid Term Fund,Growth,115.6092,23,CRISIL IBX 90:10 SDL Plus Gilt Index - November 2026,0.0000,0,1000,100,11.42
Bandhan CRISIL IBX 90:10 SDL Plus Gilt - Sep 2027 Index Fund,Gilt - Short & Mid Term Fund,Growth,171.0725,23,CRISIL IBX 90:10 SDL Plus Gilt Index - September 2027,0.0000,0,1000,100,11.45
Bandhan CRISIL IBX Gilt April 2026 Index Fund,Gilt - Short & Mid Term Fund,Growth,488.1168,24,CRISIL IBX Gilt Index - April 2026,0.0000,0,1000,0,11.50
Bandhan CRISIL IBX Gilt April 2028 Index Fund,Gilt - Short & Mid Term Fund,Growth,4922.2801,43,CRISIL IBX Gilt Index - April 2028,0.0000,0,1000,0,12.22
Bandhan CRISIL IBX Gilt April 2032 Index Fund,Gilt - Short & Mid Term Fund,Growth,401.9567,20,CRISIL IBX Gilt Index - April 2032,0.0000,0,1000,1000,11.46
Bandhan CRISIL IBX Gilt June 2027 Index Fund,Gilt - Short & Mid Term Fund,Growth,8296.2858,43,CRISIL IBX Gilt Index - June 2027,0.0000,0,1000,0,12.17
Bandhan Dynamic Bond Fund,Dynamic Bond Fund,Growth,2713.2225,141,NIFTY Composite Debt Index,0.0000,0,1000,0,35.89
Bandhan Floating Rate Fund,Floating Rate Fund,Growth,319.7616,44,Nifty Short Duration Debt Index,0.0000,0,1000,100,12.24
Bandhan FTP-179-3652D,Fixed Maturity Plans,Growth,326.7215,67,CRISIL Composite Bond Index,0.0000,0,0,0,15.80
Bandhan G-Sec-Constant Maturity Plan,Gilt - Long Term Fund,Growth,339.6965,141,Crisil 10 Yr Gilt Index,0.0000,0,1000,0,43.11
Bandhan G-Sec-Invest,Gilt - Short & Mid Term Fund,Growth,2647.4962,141,CRISIL Dynamic Gilt Index,0.0000,0,1000,0,36.21
Bandhan Liquid Fund,Liquid Fund,Growth,12792.3602,142,Nifty Liquid Fund Index,0.0065,0,100,100,3008.42
Bandhan Long Duration Fund,Long Duration Fund,Growth,135.9948,7,NIFTY Long Duration Debt Index,0.0000,0,1000,0,10.55
Bandhan Low Duration Fund,Low Duration Fund,Growth,5879.1373,141,NIFTY Low Duration Debt Index,0.0000,0,100,0,37.09
Bandhan Money Manager Fund,Money Market Fund,Growth,7518.2942,141,Nifty Money Market Index,0.0000,0,100,100,40.96
Bandhan Overnight Fund,Overnight Fund,Growth,1750.0126,69,Nifty 1D Rate Index,0.0000,0,1000,100,1313.25
Bandhan Ultra Short Term Fund,Ultra Short Duration Fund,Growth,3744.8661,75,NIFTY Ultra Short Duration Debt Index,0.0000,0,100,100,14.49
Bank of India Credit Risk Fund,Credit Risk Fund,Growth,121.9173,116,CRISIL Credit Risk Debt Index,3.0000,0,5000,0,11.85
Bank of India Liquid Fund,Liquid Fund,Growth,1790.0361,142,CRISIL Liquid Debt Index,0.0050,0,5000,0,2867.85
Bank of India Overnight Fund,Overnight Fund,Growth,188.8351,57,CRISIL Liquid Overnight Index,0.0000,0,5000,0,1248.77
Bank of India Short Term Income Fund,Short Duration Fund,Growth,75.5909,141,CRISIL Short Duration Debt Index,0.0000,0,5000,0,26.74
Bank of India Ultra Short Duration Fund,Ultra Short Duration Fund,Growth,164.2529,141,CRISIL Ultra Short Term Debt Index,0.0000,0,5000,0,3082.09
Baroda BNP Paribas Banking and PSU Bond Fund,Banking & PSU Fund,Growth,27.2375,46,CRISIL Banking and PSU Debt Index,0.0000,0,5000,500,12.04
Baroda BNP Paribas Corp Bond Fund,Corporate Bond Fund,Growth,151.1666,141,CRISIL Corporate Bond Index,0.0000,0,5000,0,27.11
Baroda BNP Paribas Credit Risk Fund,Credit Risk Fund,Growth,141.6008,117,Crisil 10 Yr Gilt Index,1.0000,0,5000,500,22.68
Baroda BNP Paribas Dynamic Bond Fund,Dynamic Bond Fund,Growth,152.5047,141,CRISIL Dynamic Bond Index,0.0000,0,5000,500,47.64
Baroda BNP Paribas Floater Fund,Floating Rate Fund,Growth,18.9353,18,CRISIL Low Duration Debt Index,0.0000,0,5000,500,11.22
Baroda BNP Paribas Gilt Fund,Gilt - Short & Mid Term Fund,Growth,1631.93,141,CRISIL Dynamic Gilt Index,0.0000,0,5000,0,43.51
Baroda BNP Paribas Liquid Fund,Liquid Fund,Growth,10367.5207,142,CRISIL Liquid Debt Index,0.0065,0,5000,500,2871.80
Baroda BNP Paribas Low Duration Fund,Low Duration Fund,Growth,218.2553,141,CRISIL Low Duration Debt Index,0.0000,0,5000,0,41.12
Baroda BNP Paribas Medium Duration Fund,Medium Duration Fund,Growth,28.3305,127,CRISIL Medium Duration Debt Index,1.0000,0,5000,500,18.92
Baroda BNP Paribas Money Market Fund,Money Market Fund,Growth,324.8865,64,CRISIL Money Market Index,0.0000,0,5000,500,1313.43
Baroda BNP Paribas NIFTY SDL Dec 2026 Index Fund,Gilt - Short & Mid Term Fund,Growth,119.103,21,NIFTY SDL December 2026 Index,0.0000,0,5000,1500,11.27
Baroda BNP Paribas NIFTY SDL Dec 2028 Index Fund,Gilt - Short & Mid Term Fund,Growth,37.1494,19,Nifty SDL Dec 2028 Index,0.0000,0,5000,500,11.29
Baroda BNP Paribas Overnight Fund,Overnight Fund,Growth,816.4343,66,CRISIL Liquid Overnight Index,0.0000,0,5000,500,1293.17
Baroda BNP Paribas Short Duration Fund,Short Duration Fund,Growth,225.3878,141,CRISIL Short Duration Debt Index,0.0000,0,5000,0,29.51
Baroda BNP Paribas Ultra Short Duration Fund,Ultra Short Duration Fund,Growth,1302.25,76,CRISIL Ultra Short Term Debt Index,0.0000,0,5000,0,1468.99
Canara Rob Banking and PSU Debt Fund,Banking & PSU Fund,Growth,296.0786,26,CRISIL Banking and PSU Debt Index,0.0000,0,5000,0,11.43
Canara Rob Corp Bond Fund,Corporate Bond Fund,Growth,135.7614,128,CRISIL Corporate Bond Index,0.0000,0,5000,0,21.83
Canara Rob Dynamic Bond Fund,Dynamic Bond Fund,Growth,111.5168,141,CRISIL Dynamic Bond Index,0.0000,0,5000,1000,30.60
Canara Rob Gilt Fund,Gilt - Short & Mid Term Fund,Growth,117.0958,141,CRISIL Dynamic Gilt Index,0.0000,0,5000,1000,76.72
Canara Rob Income Fund,Medium to Long Duration Fund,Growth,114.6666,141,CRISIL Medium to Long Term Debt Index,0.0000,0,5000,0,58.50
Canara Rob Liquid Fund,Liquid Fund,Growth,3763.8835,141,CRISIL Liquid Debt Index,0.0050,0,5000,0,2984.27
Canara Rob Liquid-Unclaimed Redemption and Dividend Plan,Liquid Fund,Growth,3763.8835,102,CRISIL Liquid Debt Index,0.0070,0,0,0,1627.34
Canara Rob Overnight Fund,Overnight Fund,Growth,121.4202,63,CRISIL Liquid Overnight Index,0.0000,0,5000,0,1272.74
Canara Rob Savings Fund,Low Duration Fund,Growth,1218.555,141,CRISIL Low Duration Debt Index,0.0000,0,5000,2000,40.65
Canara Rob Short Duration Fund,Short Duration Fund,Growth,351.6585,141,CRISIL Short Duration Debt Index,0.0000,0,5000,0,25.92
Canara Rob Ultra Short Term Fund,Ultra Short Duration Fund,Growth,553.8137,141,CRISIL Ultra Short Term Debt Index,0.0000,0,500,0,3802.57
DSP 10Y G-Sec Fund,Gilt - Long Term Fund,Growth,54.3952,121,Crisil 10 Yr Gilt Index,0.0000,0,100,100,20.79
DSP Banking & PSU Debt Fund,Banking & PSU Fund,Growth,2533.1431,133,NIFTY Banking and PSU Debt Index,0.0000,0,100,0,23.31
DSP Bond Fund,Medium Duration Fund,Growth,371.6544,142,CRISIL Medium Duration Debt Index,0.0000,0,100,0,80.72
DSP Corp Bond Fund,Corporate Bond Fund,Growth,2613.9403,73,CRISIL Corporate Bond Index,0.0000,0,100,0,15.17
DSP Credit Risk Fund,Credit Risk Fund,Growth,191.1173,142,CRISIL Credit Risk Debt Index,1.0000,0,0,0,44.47
DSP CRISIL SDL Plus G-Sec Apr 2033 50:50 Index Fund,Gilt - Short & Mid Term Fund,Growth,366.2686,21,CRISIL SDL Plus G-Sec Apr 2033 50:50 Index,0.0000,0,100,100,11.52
DSP Floater Fund,Floating Rate Fund,Growth,804.6524,43,CRISIL Short Duration Debt Index,0.0000,0,100,100,12.45
DSP FMP 264-60M & 17D,Fixed Maturity Plans,Growth,48.2934,37,CRISIL Medium to Long Term Debt Index,0.0000,0,0,0,11.75
DSP FMP 267-1246D,Fixed Maturity Plans,Growth,645.1392,23,CRISIL Medium Duration Debt Index,0.0000,0,0,0,11.43
DSP FMP 268-1281D,Fixed Maturity Plans,Growth,119.8036,23,CRISIL Medium Duration Debt Index,0.0000,0,0,0,11.41
DSP FMP 270-1144D,Fixed Maturity Plans,Growth,175.1936,20,CRISIL Medium Duration Debt Index,0.0000,0,0,0,11.22
DSP Gilt Fund,Gilt - Short & Mid Term Fund,Growth,1080.9768,142,CRISIL Dynamic Gilt Index,0.0000,0,100,100,96.11
DSP Liquidity Fund,Liquid Fund,Growth,18699.204,142,CRISIL Liquid Debt Index,0.0065,0,100,100,3559.88
DSP Low Duration Fund,Low Duration Fund,Growth,4811.1175,115,NIFTY Low Duration Debt Index,0.0000,0,100,0,19.22
DSP Nifty SDL Plus G-Sec Jun 2028 30:70 Index Fund,Gilt - Short & Mid Term Fund,Growth,2263.992,31,Nifty SDL Plus G-Sec Jun 2028 70:30 Index,0.0000,0,100,100,11.66
DSP Nifty SDL Plus G-Sec Sep 2027 50:50 Index Fund,Gilt - Short & Mid Term Fund,Growth,91.0062,20,Nifty SDL Plus G-Sec Sep 2027 50:50 Index,0.0000,0,100,0,11.33
DSP Overnight Fund,Overnight Fund,Growth,1809.7326,69,CRISIL Liquid Overnight Index,0.0000,0,100,100,1318.97
DSP Savings Fund,Money Market Fund,Growth,4630.0151,142,CRISIL Money Market Index,0.0000,0,100,0,51.05
DSP Short Term Fund,Short Duration Fund,Growth,3219.4628,142,CRISIL Short Duration Debt Index,0.0000,0,100,0,47.16
DSP Strategic Bond Fund,Dynamic Bond Fund,Growth,1502.6735,142,CRISIL Dynamic Bond Index,0.0000,0,100,100,3382.53
DSP Ultra Short Fund,Ultra Short Duration Fund,Growth,3003.6831,142,CRISIL Ultra Short Term Debt Index,0.0000,0,100,0,3474.50
Edelweiss Banking and PSU Debt Fund,Banking & PSU Fund,Growth,271.6346,133,CRISIL Banking and PSU Debt Index,0.0000,0,100,100,23.81
Edelweiss CRISIL IBX 50:50 Gilt Plus SDL April 2037 Index Fund,Gilt - Long Term Fund,Growth,983.0157,24,CRISIL IBX 50:50 Gilt Plus SDL Index - April 2037,0.1000,0,100,100,11.98
Edelweiss CRISIL IBX 50:50 Gilt Plus SDL June 2027 Index Fund,Gilt - Short & Mid Term Fund,Growth,94.83,24,CRISIL IBX 50:50 Gilt Plus SDL Index - June 2027,0.1000,0,100,100,11.57
Edelweiss CRISIL IBX 50:50 Gilt Plus SDL Sep 2028 Index Fund,Gilt - Short & Mid Term Fund,Growth,177.1343,23,CRISIL IBX 50:50 Gilt Plus SDL Index - Sep 2028,0.1000,0,100,100,11.59
Edelweiss CRISIL IBX 50:50 Gilt Plus SDL Short Duration Index Fund,Gilt - Short & Mid Term Fund,Growth,150.2957,20,CRISIL IBX 50:50 Gilt Plus SDL Short Duration Index,0.0000,0,100,100,11.31
Edelweiss CRISIL PSU Plus SDL 50:50 Oct 2025 Index Fund,Corporate Bond Fund,Growth,837.633,31,CRISIL IBX 50:50 PSU + SDL Index - October 2025,0.1000,0,100,100,11.47
Edelweiss Government Securities Fund,Gilt - Short & Mid Term Fund,Growth,158.7944,128,CRISIL Dynamic Gilt Index,0.0000,0,100,100,24.64
Edelweiss Liquid Fund,Liquid Fund,Growth,5722.4514,142,CRISIL Liquid Debt Index,0.0060,0,100,100,3217.27
Edelweiss Money Market Fund,Money Market Fund,Growth,721.7411,141,CRISIL Money Market Index,0.0000,0,100,100,29.43
Edelweiss Nifty PSU Bond Plus SDL Apr 2026 50:50 Index Fund,Corporate Bond Fund,Growth,9284.3971,43,Nifty PSU Bond Plus SDL Apr 2026 50:50 Index,0.1000,0,100,100,12.27
Edelweiss Nifty PSU Bond Plus SDL Apr 2027 50:50 Index Fund,Corporate Bond Fund,Growth,3036.0737,36,Nifty PSU Bond Plus SDL Apr 2027 50:50 Index,0.1500,0,100,0,11.67
Edelweiss Overnight Fund,Overnight Fund,Growth,343.5232,63,CRISIL Liquid Overnight Index,0.0000,0,100,0,1274.85
Franklin India Banking & PSU Debt Fund,Banking & PSU Fund,Growth,593.9860771,126,NIFTY Banking and PSU Debt Index,0.0000,0,5000,500,21.89
Franklin India Corp Debt Fund-A,Corporate Bond Fund,Growth,799.5182821,141,NIFTY Corporate Bond Index,0.0000,0,10000,0,99.21
Franklin India Floating Rate Fund,Floating Rate Fund,Growth,303.6275914,142,Nifty Short Duration Debt Index,0.0000,0,1000,500,41.38
Franklin India G-Sec Fund,Gilt - Short & Mid Term Fund,Growth,146.1893183,141,Nifty All Duration G-Sec Index,0.0000,0,10000,500,60.26
Franklin India Liquid Fund-Super,Liquid Fund,Growth,2736.359361,142,Nifty Liquid Fund Index,0.0050,0,10000,0,3740.89
Franklin India Money Market Fund,Money Market Fund,Growth,2060.404864,141,Nifty Money Market Index,0.0000,0,10000,500,48.62
Franklin India Overnight Fund,Overnight Fund,Growth,324.8155185,65,Nifty 1D Rate Index,0.0000,0,5000,0,1284.08
Franklin India ST Income Plan,Short Duration Fund,Growth,12.50937483,141,CRISIL Short Term Bond Index,0.0000,0,0,0,5168.67
Franklin India Ultra Short Duration Fund,Ultra Short Duration Fund,Growth,567.2242725,2,NIFTY Ultra Short Duration Debt Index,0.0000,0,5000,500,10.02
Groww Dynamic Bond Fund,Dynamic Bond Fund,Growth,38.94774511,70,CRISIL Dynamic Bond Index,0.0000,0,100,0,1437.91
Groww Liquid Fund,Liquid Fund,Growth,193.6926949,142,CRISIL Liquid Debt Index,0.0065,0,100,100,2412.74
Groww Overnight Fund,Overnight Fund,Growth,31.52446895,63,CRISIL Liquid Overnight Index,0.0000,0,100,0,1270.41
Groww Short Duration Fund,Short Duration Fund,Growth,39.33551392,133,CRISIL Short Duration Debt Index,0.0000,0,100,0,2226.13
HDFC Banking and PSU Debt Fund,Banking & PSU Fund,Growth,5963.4759,127,NIFTY Banking and PSU Debt Index,0.0000,0,100,1500,22.35
HDFC Corp Bond Fund,Corporate Bond Fund,Growth,29726.3095,141,NIFTY Corporate Bond Index,0.0000,0,100,5000,31.00
HDFC Credit Risk Debt Fund,Credit Risk Fund,Growth,7669.1756,127,NIFTY Credit Risk Bond Index,0.5000,0,100,100,24.25
HDFC Dynamic Debt Fund,Dynamic Bond Fund,Growth,747.8772,141,NIFTY Composite Debt Index,0.0000,0,100,100,92.91
HDFC Floating Rate Debt Fund,Floating Rate Fund,Growth,15189.3868,141,CRISIL Short Duration Debt Index,0.0000,0,100,1500,47.60
HDFC FMP-Sr 46-1158D-July 2022,Fixed Maturity Plans,Growth,156.9152,27,CRISIL Medium Duration Debt Index,0.0000,0,0,0,11.60
HDFC FMP-Sr 46-1162D-Mar 2022,Fixed Maturity Plans,Growth,31.4838,31,NIFTY Medium Duration Debt Index,0.0000,0,0,0,11.50
HDFC FMP-Sr 46-1359D-Sep 2022,Fixed Maturity Plans,Growth,309.4203,24,NIFTY Medium Duration Debt Index,0.0000,0,0,0,11.56
HDFC FMP-Sr 46-1406D-Aug 2022,Fixed Maturity Plans,Growth,239.0915,26,NIFTY Long Duration Debt Index,0.0000,0,0,0,11.52
HDFC FMP-Sr 46-1861D-Mar 2022,Fixed Maturity Plans,Growth,439.7667,31,NIFTY Medium to Long Duration Debt Index,0.0000,0,0,0,11.63
HDFC FMP-Sr 46-1876D-Mar 2022,Fixed Maturity Plans,Growth,30.7835,31,NIFTY Medium to Long Duration Debt Index,0.0000,0,0,0,11.60
HDFC FMP-Sr 47-1204D-Dec 2022,Fixed Maturity Plans,Growth,50.0924,22,NIFTY Medium Duration Debt Index,0.0000,0,0,0,11.30
HDFC FMP-Sr 47-1269D-March 2023,Fixed Maturity Plans,Growth,74.2181,19,NIFTY Medium Duration Debt Index,0.0000,0,0,0,11.13
HDFC FMP-Sr 47-2638D-Feb 2023,Fixed Maturity Plans,Growth,148.1559,20,NIFTY Long Duration Debt Index,0.0000,0,0,0,11.54
HDFC Gilt Fund,Gilt - Short & Mid Term Fund,Growth,2473.1643,142,Nifty All Duration G-Sec Index,0.0000,0,100,5000,54.62
HDFC Income Fund,Medium to Long Duration Fund,Growth,843.2949,141,CRISIL Medium to Long Term Debt Index,0.0000,0,100,1500,60.23
HDFC Liquid Fund,Liquid Fund,Growth,62050.7088,141,CRISIL Liquid Debt Index,0.0065,0,100,100,4891.59
HDFC Long Duration Debt Fund,Long Duration Fund,Growth,4215.0837,21,NIFTY Long Duration Debt Index,0.0000,0,100,2500,11.73
HDFC Low Duration Fund,Low Duration Fund,Growth,17940.4548,141,NIFTY Low Duration Debt Index,0.0000,0,100,100,58.64
HDFC Medium Term Debt Fund,Medium Duration Fund,Growth,4143.1711,141,NIFTY Medium Duration Debt Index,0.0000,0,100,1500,56.91
HDFC Money Market Fund,Money Market Fund,Growth,27510.5627,142,CRISIL Money Market Index,0.0000,0,100,100,5470.92
HDFC NIFTY G-Sec Apr 2029 Index Fund,Gilt - Short & Mid Term Fund,Growth,162.9558,19,NIFTY G- Sec Apr 2029 Index,0.0000,0,100,2500,11.37
HDFC Nifty G-Sec Dec 2026 Index Fund,Gilt - Short & Mid Term Fund,Growth,1293.2149,23,Nifty G-sec Dec 2026 Index,0.0000,0,100,100,11.45
HDFC Nifty G-Sec Jul 2031 Index Fund,Gilt - Short & Mid Term Fund,Growth,648.8781,23,Nifty G-Sec July 2031 Index,0.0000,0,100,100,11.66
HDFC Nifty G-Sec Jun 2027 Index Fund,Gilt - Short & Mid Term Fund,Growth,749.4332,22,Nifty G-Sec Jun 2027 Index,0.0000,0,100,2500,11.39
HDFC NIFTY G-Sec Jun 2036 Index Fund,Gilt - Short & Mid Term Fund,Growth,787.4177,19,Nifty G-Sec Jun 2036 Index,0.0000,0,100,100,11.59
HDFC Nifty G-Sec Sep 2032 Index Fund,Gilt - Short & Mid Term Fund,Growth,590.7755,22,Nifty G-Sec Sep 2032 Index,0.0000,0,100,100,11.58
HDFC Nifty SDL Oct 2026 Index Fund,Gilt - Short & Mid Term Fund,Growth,189.7493,20,Nifty SDL Oct 2026 Index,0.0000,0,100,2500,11.27
HDFC NIFTY SDL Plus G-Sec Jun 2027 40:60 Index Fund,Gilt - Short & Mid Term Fund,Growth,47.5429,19,NIFTY SDL Plus G-Sec Jun 2027 40:60 Index,0.0000,0,100,100,11.18
HDFC Overnight Fund,Overnight Fund,Growth,9577.8955,142,CRISIL Liquid Overnight Index,0.0000,0,100,100,3653.20
HDFC Short Term Debt Fund,Short Duration Fund,Growth,13653.7641,141,CRISIL Short Duration Debt Index,0.0000,0,100,100,30.78
HDFC Ultra Short Term Fund,Ultra Short Duration Fund,Growth,15129.3256,73,CRISIL Ultra Short Term Debt Index,0.0000,0,100,5000,14.55
Helios Overnight Fund,Overnight Fund,Growth,107.2836,12,CRISIL Liquid Overnight Index,0.0000,0,5000,0,1058.45
HSBC Banking and PSU Debt Fund,Banking & PSU Fund,Growth,4600.160815,141,NIFTY Banking and PSU Debt Index,0.0000,0,5000,500,23.84
HSBC Corporate Bond Fund,Corporate Bond Fund,Growth,6176.66248,141,NIFTY Corporate Bond Index,0.0000,0,5000,1500,72.52
HSBC Credit Risk Fund,Credit Risk Fund,Growth,571.1997819,141,NIFTY Credit Risk Bond Index,3.0000,0,5000,1000,29.10
HSBC CRISIL IBX 50:50 Gilt Plus SDL Apr 2028 Index Fund,Gilt - Short & Mid Term Fund,Growth,1917.734184,31,CRISIL IBX 50:50 Gilt Plus SDL Index - April 2028,0.0000,0,5000,1500,11.66
HSBC CRISIL IBX Gilt June 2027 Index Fund,Gilt - Short & Mid Term Fund,Growth,202.4761298,19,CRISIL IBX Gilt Index - June 2027,0.0000,0,5000,0,11.18
HSBC Dynamic Bond Fund,Dynamic Bond Fund,Growth,161.9544868,141,NIFTY Composite Debt Index,0.0000,0,5000,1500,30.00
HSBC Gilt Fund,Gilt - Short & Mid Term Fund,Growth,190.2039281,141,Nifty All Duration G-Sec Index,0.0000,0,5000,0,71.41
HSBC Liquid Fund,Liquid Fund,Growth,18418.60541,142,Nifty Liquid Fund Index,0.0070,0,5000,0,2481.30
HSBC Low Duration Fund,Low Duration Fund,Growth,427.1843788,141,NIFTY Low Duration Debt Index,0.0000,0,5000,1500,27.99
HSBC Medium Duration Fund,Medium Duration Fund,Growth,812.2133623,116,NIFTY Medium Duration Debt Index,0.0000,0,5000,0,20.68
HSBC Medium to Long Duration Fund Fund,Medium to Long Duration Fund,Growth,47.86748721,141,NIFTY Medium to Long Duration Debt Index,0.0000,0,5000,500,43.96
HSBC Money Market Fund,Money Market Fund,Growth,2239.633723,141,Nifty Money Market Index,0.0000,0,5000,500,25.99
HSBC Overnight Fund,Overnight Fund,Growth,2445.215537,65,Nifty 1D Rate Index,0.0000,0,5000,500,1288.50
HSBC Short Duration Fund,Short Duration Fund,Growth,3783.161105,141,Nifty Short Duration Debt Index,0.0000,0,5000,500,26.13
HSBC Ultra Short Duration Fund,Ultra Short Duration Fund,Growth,3384.841451,57,NIFTY Ultra Short Duration Debt Index,0.0000,0,5000,1500,1290.78
ICICI Pru All Seasons Bond Fund,Dynamic Bond Fund,Growth,12845.90017,141,NIFTY Composite Bond Index,0.2500,0,5000,500,37.05
ICICI Pru Banking & PSU Debt Fund,Banking & PSU Fund,Growth,9225.40487,139,NIFTY Banking and PSU Debt Index,0.0000,0,500,100,31.83
ICICI Pru Bond Fund,Medium to Long Duration Fund,Growth,2942.221031,141,CRISIL Medium to Long Term Debt Index,0.0000,0,5000,5000,39.59
ICICI Pru Constant Maturity Gilt Fund,Gilt - Long Term Fund,Growth,2362.15699,121,Crisil 10 Yr Gilt Index,0.0000,0,5000,5000,23.36
ICICI Pru Corp Bond Fund,Corporate Bond Fund,Growth,27056.36919,141,NIFTY Corporate Bond Index,0.0000,0,100,100,29.13
ICICI Pru Credit Risk Fund,Credit Risk Fund,Growth,6569.986089,141,CRISIL Credit Risk Debt Index,1.0000,0,100,100,32.53
ICICI Pru Floating Interest Fund,Floating Rate Fund,Growth,8965.520759,141,NIFTY Low Duration Debt Index,0.0000,0,500,0,433.05
ICICI Pru FMP-85-10Y-I,Fixed Maturity Plans,Growth,432.3834925,67,CRISIL Composite Bond Index,0.0000,0,0,0,15.77
ICICI Pru FMP-88-1226D-F,Fixed Maturity Plans,Growth,126.6146121,22,CRISIL Medium Duration Debt Index,0.0000,0,0,0,11.32
ICICI Pru FMP-88-1303D-S,Fixed Maturity Plans,Growth,60.90495555,19,CRISIL Medium Duration Debt Index,0.0000,0,0,0,11.23
ICICI Pru Gilt Fund,Gilt - Short & Mid Term Fund,Growth,6390.241704,141,Nifty All Duration G-Sec Index,0.0000,0,5000,0,102.93
ICICI Pru Liquid Fund,Liquid Fund,Growth,50596.8696,142,CRISIL Liquid Debt Index,0.0065,0,99,0,368.64
ICICI Pru Long Term Bond Fund,Long Duration Fund,Growth,876.9141239,141,CRISIL Long Duration Debt Index,0.0000,0,5000,0,91.47
ICICI Pru Medium Term Bond Fund,Medium Duration Fund,Growth,6010.659629,141,NIFTY Medium Duration Debt Index,1.0000,0,5000,1000,45.59
ICICI Pru Money Market Fund,Money Market Fund,Growth,26267.59759,142,Nifty Money Market Index,0.0000,0,500,0,360.50
ICICI Pru Nifty G-Sec Dec 2030 Index Fund,Gilt - Short & Mid Term Fund,Growth,922.607945,24,Nifty G-Sec Dec 2030 Index,0.0000,0,1000,500,11.74
ICICI Pru Nifty PSU Bond Plus SDL Sep 2027 40:60 Index Fund,Corporate Bond Fund,Growth,8793.861078,37,Nifty PSU Bond Plus SDL Sep 2027 40:60 Index,0.0000,0,1000,500,11.65
ICICI Pru Nifty SDL Dec 2028 Index Fund,Gilt - Short & Mid Term Fund,Growth,956.9115812,24,Nifty SDL Dec 2028 Index,0.0000,0,1000,1000,11.71
ICICI Pru Nifty SDL Sep 2026 Index Fund,Gilt - Short & Mid Term Fund,Growth,262.6744619,22,Nifty SDL Sep 2026 Index,0.0000,0,1000,500,11.33
ICICI Pru Nifty SDL Sep 2027 Index Fund,Gilt - Short & Mid Term Fund,Growth,1772.440258,31,Nifty SDL Sep 2027 Index,0.0000,0,1000,500,11.56
ICICI Pru Overnight Fund,Overnight Fund,Growth,11001.20683,71,CRISIL Liquid Overnight Index,0.0000,0,100,500,1327.01
ICICI Pru Overnight fund-Direct Plan-Unclaimed IDCW Stable Scheme,Overnight Fund,Growth,11001.20683,35,CRISIL Liquid Overnight Index,0.0000,0,0,500,1000.00
ICICI Pru Overnight fund-Direct Plan-Unclaimed IDCW Transitory Scheme,Overnight Fund,Growth,11001.20683,35,CRISIL Liquid Overnight Index,0.0000,0,0,500,1170.84
ICICI Pru Overnight fund-Direct Plan-Unclaimed Redemption IDCW Transitory Scheme,Overnight Fund,Growth,11001.20683,35,CRISIL Liquid Overnight Index,0.0000,0,0,500,1170.85
ICICI Pru Overnight fund-Direct Plan-Unclaimed Redemption Stable Scheme,Overnight Fund,Growth,11001.20683,35,CRISIL Liquid Overnight Index,0.0000,0,0,500,1000.00
ICICI Pru Savings Fund,Low Duration Fund,Growth,19744.036,141,NIFTY Low Duration Debt Index,0.0000,0,100,0,516.49
ICICI Pru Short Term Fund,Short Duration Fund,Growth,19611.117,141,Nifty Short Duration Debt Index,0.0000,0,5000,5000,61.06
ICICI Pru Ultra Short Term Fund Fund,Ultra Short Duration Fund,Growth,14967.80263,141,NIFTY Ultra Short Duration Debt Index,0.0000,0,5000,500,28.12
IL&FS Infra Debt Fund - Series 3-B,Sectoral Fund - Infrastructure (Debt),Growth,248.8656477,76,CRISIL Composite Bond Index,0.0000,0,0,0,1616405.88
Invesco India Banking and PSU Fund,Banking & PSU Fund,Growth,100.6056,141,NIFTY Banking and PSU Debt Index,0.0000,0,1000,1500,2264.75
Invesco India Corporate Bond Fund,Corporate Bond Fund,Growth,4053.2569,141,NIFTY Corporate Bond Index,0.0000,0,1000,300,3170.03
Invesco India Credit Risk Fund,Credit Risk Fund,Growth,140.3349,121,NIFTY Credit Risk Bond Index,4.0000,0,1000,0,1960.40
Invesco India Gilt Fund,Gilt - Short & Mid Term Fund,Growth,966.1545,141,Nifty All Duration G-Sec Index,0.0000,0,1000,300,2959.98
Invesco India Liquid Fund,Liquid Fund,Growth,11289.3004,142,Nifty Liquid Fund Index,0.0060,0,1000,1500,3418.34
Invesco India Low Duration Fund,Low Duration Fund,Growth,1405.9894,141,NIFTY Low Duration Debt Index,0.0000,0,1000,100,3697.22
Invesco India Medium Duration Fund,Medium Duration Fund,Growth,242.9106,39,NIFTY Medium Duration Debt Index,0.0000,0,1000,0,1193.35
Invesco India Money Market Fund,Money Market Fund,Growth,4618.3258,141,Nifty Money Market Index,0.0000,0,1000,0,2960.74
Invesco India Nifty G-sec Jul 2027 Index Fund,Gilt - Short & Mid Term Fund,Growth,67.4286,19,Nifty G-sec Jul 2027 Index,0.2500,0,1000,0,1117.59
Invesco India Nifty G-sec Sep 2032 Index Fund,Gilt - Short & Mid Term Fund,Growth,46.5697,19,Nifty G-Sec Sep 2032 Index,0.2500,0,1000,0,1132.70
Invesco India Overnight Fund,Overnight Fund,Growth,506.8967563,57,Nifty 1D Rate Index,0.0000,0,1000,0,1244.22
Invesco India Short Duration Fund,Short Duration Fund,Growth,394.5348,141,Nifty Short Duration Debt Index,0.0000,0,1000,0,3665.96
Invesco India Ultra Short Duration Fund,Ultra Short Duration Fund,Growth,703.5114,141,NIFTY Ultra Short Duration Debt Index,0.0000,0,1000,1000,2703.64
ITI Banking & PSU Debt Fund,Banking & PSU Fund,Growth,30.7285,48,CRISIL Banking and PSU Debt Index,0.0000,0,5000,500,12.50
ITI Dynamic Bond Fund,Dynamic Bond Fund,Growth,47.9536,39,CRISIL Dynamic Bond Index,0.0000,0,5000,500,12.26
ITI Liquid Fund,Liquid Fund,Growth,61.9433,66,CRISIL Liquid Debt Index,0.0060,0,5000,500,1297.02
ITI Overnight Fund,Overnight Fund,Growth,113.4934,60,CRISIL Liquid Overnight Index,0.0000,0,5000,500,1250.55
ITI Ultra Short Duration Fund,Ultra Short Duration Fund,Growth,250.817,41,CRISIL Ultra Short Term Debt Index,0.0000,0,5000,500,1205.80
JM Dynamic Bond Fund,Dynamic Bond Fund,Growth,43.53387166,141,CRISIL Dynamic Bond Index,0.0000,0,1000,250,41.31
JM Liquid Fund,Liquid Fund,Growth,2383.9181,142,CRISIL Liquid Debt Index,0.0070,0,1000,0,68.05
JM Low Duration Fund,Low Duration Fund,Growth,259.2568,141,CRISIL Low Duration Debt Index,0.0000,0,1000,250,35.70
JM Medium to Long Duration Fund,Medium to Long Duration Fund,Growth,23.8272,141,CRISIL Medium to Long Term Debt Index,0.0000,0,1000,100,64.48
JM Overnight Fund,Overnight Fund,Growth,200.8134564,58,CRISIL Liquid Overnight Index,0.0000,0,1000,0,1250.27
JM Short Duration Fund,Short Duration Fund,Growth,134.4075,26,CRISIL Short Duration Debt Index,0.0000,0,1000,100,11.48
Kotak Banking and PSU Debt Fund,Banking & PSU Fund,Growth,5810.9661,141,CRISIL Banking and PSU Debt Index,0.0000,0,100,100,63.54
Kotak Bond Fund,Medium to Long Duration Fund,Growth,2058.8395,141,CRISIL Medium to Long Term Debt Index,0.0000,0,100,100,80.66
Kotak Bond Short Term Fund,Short Duration Fund,Growth,16078.8771,141,Nifty Short Duration Debt Index,0.0000,0,100,100,53.43
Kotak Corporate Bond Fund,Corporate Bond Fund,Growth,13275.1709,141,NIFTY Corporate Bond Index,0.0000,0,100,100,3666.14
Kotak Credit Risk Fund,Credit Risk Fund,Growth,779.4602,141,CRISIL Credit Risk Debt Index,1.0000,0,100,100,31.12
Kotak Dynamic Bond Fund,Dynamic Bond Fund,Growth,2712.8678,141,NIFTY Composite Debt Index,0.0000,0,100,100,38.36
Kotak Floating Rate Fund,Floating Rate Fund,Growth,4176.2647,65,Nifty Short Duration Debt Index,0.0000,0,100,100,1439.48
Kotak FMP-292-1735D,Fixed Maturity Plans,Growth,433.9722,38,NIFTY Medium to Long Duration Debt Index,0.0000,0,0,0,11.90
Kotak FMP-300-1223D,Fixed Maturity Plans,Growth,234.5044,22,NIFTY Medium Duration Debt Index,0.0000,0,0,0,11.31
Kotak FMP-304-3119D,Fixed Maturity Plans,Growth,107.2076,22,NIFTY Long Duration Debt Index,0.0000,0,0,0,11.61
Kotak FMP-305-1200D,Fixed Maturity Plans,Growth,32.7833,21,NIFTY Medium Duration Debt Index,0.0000,0,0,0,11.26
Kotak FMP-308-1125D,Fixed Maturity Plans,Growth,91.3984,19,NIFTY Medium Duration Debt Index,0.0000,0,0,0,11.17
Kotak FMP-310-1131D,Fixed Maturity Plans,Growth,122.7657,19,NIFTY Medium Duration Debt Index,0.0000,0,0,0,11.11
Kotak Gilt Fund,Gilt - Short & Mid Term Fund,Growth,3643.1433,141,Nifty All Duration G-Sec Index,0.0000,0,100,100,103.24
Kotak Gilt Fund-PF&Trust,Gilt - Short & Mid Term Fund,Growth,3643.1433,141,Nifty All Duration G-Sec Index,0.0000,0,100,100,105.75
Kotak Liquid Fund,Liquid Fund,Growth,37470.7457,142,Nifty Liquid Fund Index,0.0070,0,100,0,5031.56
Kotak Long Duration Fund,Long Duration Fund,Growth,145.0215,7,NIFTY Long Duration Debt Index,0.0000,0,100,100,10.51
Kotak Low Duration Fund,Low Duration Fund,Growth,9489.092,141,CRISIL Long Duration Debt Index,0.0000,0,100,100,3408.48
Kotak Medium Term Fund,Medium Duration Fund,Growth,1681.7382,127,CRISIL Medium Duration Debt Index,0.0000,0,100,100,23.39
Kotak Money Market Fund,Money Market Fund,Growth,24036.3526,142,CRISIL Money Market Index,0.0000,0,100,0,4255.30
Kotak Nifty AAA Bond Jun 2025 HTM Index Fund,Corporate Bond Fund,Growth,22.9196,7,Nifty AAA Bond Jun 2025 HTM Index,0.0000,0,100,1000,10.33
Kotak Nifty G-Sec July 2033 Index Fund,Gilt - Short & Mid Term Fund,Growth,15.6488,12,Nifty G-Sec July 2033 Index,0.0000,0,100,100,10.94
Kotak Nifty SDL Apr 2027 Top 12 Equal Weight Index Fund,Corporate Bond Fund,Growth,8093.3607,32,Nifty SDL Apr 2027 Top 12 Equal Weight Index,0.1500,0,100,100,11.54
Kotak Nifty SDL Apr 2032 Top 12 Equal Weight Index Fund,Corporate Bond Fund,Growth,2833.1164,32,Nifty SDL Apr 2032 Top 12 Equal Weight Index,0.0000,0,100,100,11.89
Kotak Nifty SDL Jul 2026 Index Fund,Gilt - Short & Mid Term Fund,Growth,118.6143,22,Nifty SDL Jul 2026 Index,0.0000,0,100,100,11.32
Kotak Nifty SDL Jul 2033 Index Fund,Gilt - Short & Mid Term Fund,Growth,208.0375,20,Nifty SDL Jul 2033 Index,0.0000,0,100,0,11.49
Kotak Nifty SDL Plus AAA PSU Bond Jul 2028 60:40 Index Fund,Corporate Bond Fund,Growth,571.6535,24,Nifty SDL Plus AAA PSU Bond Jul 2028 60:40 Index,0.0000,0,100,100,11.58
Kotak Overnight Fund,Overnight Fund,Growth,5373.0409,69,Nifty 1D Rate Index,0.0000,0,100,0,1313.52
Kotak Savings Fund,Ultra Short Duration Fund,Growth,12644.1495,141,NIFTY Ultra Short Duration Debt Index,0.0000,0,100,100,42.22
LIC MF Banking & PSU Fund,Banking & PSU Fund,Growth,1540.5272,141,NIFTY Banking and PSU Debt Index,0.0000,0,5000,3000,34.95
LIC MF Gilt Fund,Gilt - Short & Mid Term Fund,Growth,72.2235,141,Nifty All Duration G-Sec Index,0.2500,0,10000,0,62.02
LIC MF Liquid Fund,Liquid Fund,Growth,10588.6329,142,CRISIL Liquid Debt Index,0.0055,0,5000,1000,4522.70
LIC MF Low Duration Fund,Low Duration Fund,Growth,1535.7163,141,CRISIL Low Duration Debt Index,0.0000,0,5000,0,40.19
LIC MF Medium to Long Duration Fund,Medium to Long Duration Fund,Growth,174.3811,141,CRISIL Medium to Long Term Debt Index,0.2500,0,5000,0,72.24
LIC MF Money Market Fund,Money Market Fund,Growth,25.8909,26,Nifty Money Market Index,0.0000,0,5000,0,1139.27
LIC MF Overnight Fund,Overnight Fund,Growth,277.071,63,Nifty 1D Rate Index,0.0000,0,5000,0,1276.30
LIC MF Short Duration Fund,Short Duration Fund,Growth,108.2578,68,CRISIL Short Duration Debt Index,0.0000,0,5000,0,14.49
LIC MF Ultra Short Duration Fund,Ultra Short Duration Fund,Growth,195.9922,59,CRISIL Ultra Short Term Debt Index,0.0000,0,5000,3000,1269.93
Mahindra Manulife Dynamic Bond Fund,Dynamic Bond Fund,Growth,54.2607,74,CRISIL Dynamic Bond Index,0.0000,0,1000,1500,14.42
Mahindra Manulife Liquid Fund,Liquid Fund,Growth,1416.6105,99,CRISIL Liquid Debt Index,0.0045,0,1000,0,1621.75
Mahindra Manulife Low Duration Fund,Low Duration Fund,Growth,555.3968,92,CRISIL Low Duration Debt Index,0.0000,0,1000,500,1641.76
Mahindra Manulife Overnight Fund,Overnight Fund,Growth,202.4788,63,CRISIL Liquid Overnight Index,0.0000,0,1000,0,1274.53
Mahindra Manulife Short Duration Fund,Short Duration Fund,Growth,63.6849,44,CRISIL Short Duration Debt Index,0.0000,0,1000,1500,12.37
Mahindra Manulife Ultra Short Duration Fund,Ultra Short Duration Fund,Growth,252.1074,60,CRISIL Ultra Short Term Debt Index,0.0000,0,1000,0,1324.42
Mirae Asset Banking and PSU Fund,Banking & PSU Fund,Growth,58.14992455,51,CRISIL Banking and PSU Debt Index,0.0000,0,5000,1000,12.36
Mirae Asset Corp Bond Fund,Corporate Bond Fund,Growth,49.2120964,43,CRISIL Corporate Bond Index,0.0000,0,5000,1000,12.12
Mirae Asset CRISIL IBX Gilt Index - April 2033 Index Fund,Gilt - Short & Mid Term Fund,Growth,244.7753772,24,CRISIL IBX Gilt Index - April 2033,0.0000,0,5000,1000,11.82
Mirae Asset Dynamic Bond Fund,Dynamic Bond Fund,Growth,147.4865692,91,CRISIL Dynamic Bond Index,0.0000,0,5000,0,16.51
Mirae Asset Liquid Fund,Liquid Fund,Growth,12648.36614,141,Nifty Liquid Fund Index,0.0065,0,5000,1000,2630.37
Mirae Asset Low Duration Fund,Low Duration Fund,Growth,1021.270312,141,NIFTY Low Duration Debt Index,0.0000,0,5000,0,2302.39
Mirae Asset Money Market Fund,Money Market Fund,Growth,179.9977499,38,Nifty Money Market Index,0.0000,0,5000,1000,1198.63
Mirae Asset Nifty AAA PSU Bond Plus SDL Apr 2026 50:50 Index Fund,Corporate Bond Fund,Growth,89.04204324,24,Nifty AAA Bond Plus SDL Apr 2026 50:50 Index,0.0000,0,5000,0,11.45
Mirae Asset Nifty SDL Jun 2027 Index Fund,Gilt - Short & Mid Term Fund,Growth,802.5998965,31,Nifty SDL Jun 2027 Index,0.0000,0,5000,0,11.55
Mirae Asset Nifty SDL June 2028 Index Fund,Gilt - Short & Mid Term Fund,Growth,78.59589493,19,Nifty SDL June 2028 Index,0.0000,0,5000,1000,11.20
Mirae Asset Overnight Fund,Overnight Fund,Growth,616.0412635,60,Nifty 1D Rate Index,0.0000,0,5000,0,1262.68
Mirae Asset Short Duration Fund,Short Duration Fund,Growth,334.7289231,79,CRISIL Short Duration Debt Index,0.0000,0,5000,1000,15.52
Mirae Asset Ultra Short Duration Fund,Ultra Short Duration Fund,Growth,1611.11577,48,NIFTY Ultra Short Duration Debt Index,0.0000,0,5000,0,1241.50
Motilal Oswal Liquid Fund,Liquid Fund,Growth,752.3413,70,CRISIL Liquid Debt Index,0.0060,0,500,1500,13.21
Motilal Oswal Ultra Short Term Fund,Ultra Short Duration Fund,Growth,313.8715,133,CRISIL Ultra Short Term Debt Index,0.0000,0,500,6000,16.55
Navi Liquid Fund,Liquid Fund,Growth,70.324345,141,CRISIL Liquid Debt Index,0.0050,0,10,10,27.15
Navi Overnight Fund,Overnight Fund,Growth,9.277947,15,CRISIL Liquid Overnight Index,0.0000,0,10,0,10.73
Nippon India Banking & PSU Debt Fund,Banking & PSU Fund,Growth,5337.3716,113,CRISIL Banking and PSU Debt Index,0.0000,0,5000,0,20.09
Nippon India Corp Bond Fund,Corporate Bond Fund,Growth,3436.8947,141,NIFTY Corporate Bond Index,0.0000,0,1000,100,58.48
Nippon India Credit Risk Fund,Credit Risk Fund,Growth,1029.739,141,CRISIL Credit Risk Debt Index,1.0000,0,500,100,35.53
Nippon India Dynamic Bond Fund,Dynamic Bond Fund,Growth,4576.032,141,NIFTY Composite Debt Index,0.0000,0,5000,1500,37.21
Nippon India FHF-XLI-8-3654D,Fixed Maturity Plans,Growth,61.3436,66,CRISIL Dynamic Gilt Index,0.0000,0,0,0,15.50
Nippon India FHF-XLIII-1-1755D,Fixed Maturity Plans,Growth,213.6776,38,CRISIL Medium Duration Debt Index,0.0000,0,0,0,11.89
Nippon India FHF-XLIII-5-2315D,Fixed Maturity Plans,Growth,164.4741,31,CRISIL Medium to Long Term Debt Index,0.0000,0,0,0,11.80
Nippon India FHF-XLIV-1-1743D,Fixed Maturity Plans,Growth,70.0984,25,NIFTY Medium to Long Duration Debt Index,0.0000,0,0,0,11.67
Nippon India FHF-XLIV-4-1223D,Fixed Maturity Plans,Growth,50.3557,22,CRISIL Medium Duration Debt Index,0.0000,0,0,0,11.31
Nippon India FHF-XLV-4-1111D,Fixed Maturity Plans,Growth,108.3278,19,CRISIL Medium Duration Debt Index,0.0000,0,0,0,11.11
Nippon India FHF-XLV-5-1158D,Fixed Maturity Plans,Growth,212.414,19,CRISIL Medium Duration Debt Index,0.0000,0,0,0,11.32
Nippon India Floating Rate Fund,Floating Rate Fund,Growth,7708.0534,141,Nifty Short Duration Debt Index,0.0000,0,5000,5000,44.26
Nippon India Gilt Securities Fund,Gilt - Short & Mid Term Fund,Growth,1876.8716,141,Nifty All Duration G-Sec Index,0.2500,0,5000,0,40.39
Nippon India Gilt Securities-DMDO,Gilt - Short & Mid Term Fund,Growth,1876.8716,135,Nifty All Duration G-Sec Index,0.2500,0,5000,0,40.50
Nippon India Income Fund,Medium to Long Duration Fund,Growth,356.9065,141,NIFTY Medium to Long Duration Debt Index,0.2500,0,5000,1500,94.07
Nippon India Inv-Annual-I,Debt - Interval Fund,Growth,16.7337,136,CRISIL Short Term Bond Index,0.0000,0,0,0,25.72
Nippon India Inv-Mthly-I,Debt - Interval Fund,Growth,3.188,138,CRISIL Liquid Debt Index,0.0000,0,0,0,32.24
Nippon India Inv-Mthly-II,Debt - Interval Fund,Growth,3.6463,139,CRISIL Liquid Debt Index,0.0000,0,0,0,32.21
Nippon India Inv-Qrtly-I,Debt - Interval Fund,Growth,2.7358,132,CRISIL Liquid Debt Index,0.0000,0,0,0,32.99
Nippon India Inv-Qrtly-II,Debt - Interval Fund,Growth,48.3729,134,CRISIL Liquid Debt Index,0.0000,0,0,0,34.67
Nippon India Inv-Qrtly-III,Debt - Interval Fund,Growth,3.6427,139,CRISIL Liquid Debt Index,0.0000,0,0,0,20.20
Nippon India Liquid Fund,Liquid Fund,Growth,32552.3187,142,Nifty Liquid Fund Index,0.0070,0,1000,100,6094.36
Nippon India Low Duration Fund,Low Duration Fund,Growth,6261.5736,141,CRISIL Low Duration Debt Index,0.0000,0,500,100,3714.12
Nippon India Money Market Fund,Money Market Fund,Growth,17694.4915,142,Nifty Money Market Index,0.0000,0,500,100,3944.77
Nippon India Nifty AAA CPSE Bond Plus SDL - Apr 2027 Maturity 60:40 Index Fund,Corporate Bond Fund,Growth,3556.0757,31,Nifty AAA CPSE Bond Plus SDL Apr 2027 60:40 Index,0.0000,0,1000,100,11.44
Nippon India Nifty AAA PSU Bond Plus SDL - Sep 2026 Maturity 50:50 Index Fund,Corporate Bond Fund,Growth,443.4217,24,Nifty AAA PSU Bond Plus SDL Sep 2026 50:50 Index,0.0000,0,1000,0,11.45
Nippon India Nifty G-Sec Jun 2036 Maturity Index Fund,Gilt - Short & Mid Term Fund,Growth,658.666,22,Nifty G-Sec Jun 2036 Index,0.0000,0,1000,100,11.68
Nippon India Nifty G-Sec Oct 2028 Maturity Index Fund,Gilt - Short & Mid Term Fund,Growth,116.1776,19,Nifty G-Sec Oct 2028 Index,0.0000,0,1000,5000,11.33
Nippon India Nifty G-Sec Sep 2027 Maturity Index Fund,Gilt - Short & Mid Term Fund,Growth,416.0127,22,Nifty G-Sec Sep 2027 Index,0.0000,0,1000,100,11.36
Nippon India Nifty SDL Plus G-Sec - Jun 2029 Maturity 70:30 Index Fund,Gilt - Short & Mid Term Fund,Growth,279.0111,20,Nifty SDL Plus G-Sec Jun 2029 70:30 Index,0.0000,0,1000,5000,11.34
Nippon India Nifty SDL Plus G-Sec-Jun 2028 Maturity 70:30 Index Fund,Gilt - Short & Mid Term Fund,Growth,382.709,23,Nifty SDL Plus G-Sec Jun 2028 70:30 Index,0.0000,0,1000,0,11.47
Nippon India Nivesh Lakshya Fund,Long Duration Fund,Growth,8351.4383,75,CRISIL Long Duration Debt Index,1.0000,0,5000,5000,17.22
Nippon India Overnight Fund,Overnight Fund,Growth,9114.1257,70,CRISIL Liquid Overnight Index,0.0000,0,100,5000,132.23
Nippon India Short Term Fund,Short Duration Fund,Growth,6213.4737,141,CRISIL Short Duration Debt Index,0.0000,0,100,5000,53.26
Nippon India Strategic Debt Fund,Medium Duration Fund,Growth,117.3258,124,CRISIL Medium Duration Debt Index,1.0000,0,5000,1500,15.56
Nippon India Ultra Short Duration Fund,Ultra Short Duration Fund,Growth,7599.8995,141,CRISIL Ultra Short Term Debt Index,0.0000,0,100,1500,4166.72
NJ Overnight Fund,Overnight Fund,Growth,190.7780759,26,Nifty 1D Rate Index,0.0000,0,5000,0,1140.91
Parag Parikh Liquid Fund,Liquid Fund,Growth,2245.7836,77,CRISIL Liquid Debt Index,0.0060,0,5000,0,1381.87
PGIM India Corp Bond Fund,Corporate Bond Fund,Growth,96.3217,141,CRISIL Corporate Bond Index,0.0000,0,5000,1000,44.72
PGIM India CRISIL IBX Gilt Index - Apr 2028 Fund,Gilt - Short & Mid Term Fund,Growth,30.8724,20,CRISIL IBX Gilt Index - April 2028,0.0000,0,5000,1000,11.30
PGIM India Dynamic Bond Fund,Dynamic Bond Fund,Growth,110.1311,141,CRISIL Dynamic Bond Index,0.0000,0,5000,1000,2791.10
PGIM India Gilt Fund,Gilt - Short & Mid Term Fund,Growth,115.2502,141,CRISIL Dynamic Gilt Index,0.0000,0,5000,1000,30.72
PGIM India Liquid Fund,Liquid Fund,Growth,447.4119,142,CRISIL Liquid Debt Index,0.0055,0,5000,1000,324.76
PGIM India Money Market Fund,Money Market Fund,Growth,221.5853,55,CRISIL Money Market Index,0.0000,0,5000,1000,1284.74
PGIM India Overnight Fund,Overnight Fund,Growth,99.646,62,Nifty 1D Rate Index,0.0000,0,5000,1000,1270.65
PGIM India Ultra Short Duration Fund,Ultra Short Duration Fund,Growth,237.119,141,CRISIL Ultra Short Term Debt Index,0.0000,0,5000,1000,33.52
Quant Gilt Fund,Gilt - Short & Mid Term Fund,Growth,99.6193,22,CRISIL Dynamic Gilt Index,0.0000,0,5000,1000,11.38
Quant Liquid Plan,Liquid Fund,Growth,2486.0146,141,CRISIL Liquid Debt Index,0.0070,0,5000,3000,40.02
Quant Overnight Fund,Overnight Fund,Growth,238.5634,22,CRISIL Liquid Overnight Index,0.0000,0,5000,0,11.27
Quantum Dynamic Bond Fund,Dynamic Bond Fund,Growth,103.161,113,CRISIL Dynamic Bond Index,0.0000,0,500,0,20.38
Quantum Liquid Fund,Liquid Fund,Growth,533.3704,222,CRISIL Liquid Debt Index,0.0070,0,5000,500,33.39
Samco Overnight Fund,Overnight Fund,Growth,59.9364,24,CRISIL Liquid Overnight Index,0.0000,0,5000,0,1128.94
SBI Banking and PSU Fund,Banking & PSU Fund,Growth,3872.5111,141,NIFTY Banking and PSU Debt Index,0.0000,0,5000,1000,3087.87
SBI Corp Bond Fund,Corporate Bond Fund,Growth,20176.1918,68,NIFTY Corporate Bond Index,0.0000,0,5000,1500,14.85
SBI CPSE Bond Plus SDL Sep 2026 50:50 Index Fund,Corporate Bond Fund,Growth,10156.561,33,Nifty CPSE Bond Plus SDL Sep 2026 50:50 Index,0.1500,0,5000,500,11.55
SBI Credit Risk Fund,Credit Risk Fund,Growth,2401.5514,141,NIFTY Credit Risk Bond Index,0.7500,0,5000,1500,45.81
SBI CRISIL IBX Gilt Index - Apr 2029 Fund,Gilt - Short & Mid Term Fund,Growth,2167.7182,24,CRISIL IBX Gilt Index - April 2029,0.1500,0,5000,0,11.69
SBI CRISIL IBX Gilt Index - June 2036 Fund,Gilt - Short & Mid Term Fund,Growth,2483.5491,24,CRISIL IBX Gilt Index - June 2036,0.1500,0,5000,500,11.95
SBI CRISIL IBX SDL Index - Sep 2027 Fund,Gilt - Short & Mid Term Fund,Growth,1095.9979,24,CRISIL IBX SDL Index - September 2027,0.1500,0,5000,500,11.57
SBI Dynamic Bond Fund,Dynamic Bond Fund,Growth,3146.356,141,CRISIL Dynamic Bond Index,0.2500,0,5000,3000,36.62
SBI Floating Rate Debt Fund,Floating Rate Fund,Growth,1135.2625,48,Nifty Short Duration Debt Index,0.1000,0,5000,1000,12.59
SBI FMP-1-3668D,Fixed Maturity Plans,Growth,45.1978,67,Crisil Long Term Debt Index,0.0000,0,0,0,15.48
SBI FMP-34-3682D,Fixed Maturity Plans,Growth,26.1953,53,Crisil Long Term Debt Index,0.0000,0,0,0,13.03
SBI FMP-41-1498D,Fixed Maturity Plans,Growth,876.8349,43,CRISIL Medium Duration Debt Index,0.0000,0,0,0,12.11
SBI FMP-42-1857D,Fixed Maturity Plans,Growth,451.5025,43,CRISIL Medium to Long Term Debt Index,0.0000,0,0,0,12.21
SBI FMP-43-1616D,Fixed Maturity Plans,Growth,113.43,42,CRISIL Medium Duration Debt Index,0.0000,0,0,0,12.11
SBI FMP-44-1855D,Fixed Maturity Plans,Growth,365.9209,40,CRISIL Medium to Long Term Debt Index,0.0000,0,0,0,12.03
SBI FMP-45-1840D,Fixed Maturity Plans,Growth,213.267,40,CRISIL Medium to Long Term Debt Index,0.0000,0,0,0,12.03
SBI FMP-46-1850D,Fixed Maturity Plans,Growth,125.2218,39,CRISIL Medium to Long Term Debt Index,0.0000,0,0,0,12.01
SBI FMP-47-1434D,Fixed Maturity Plans,Growth,137.3364,39,CRISIL Medium Duration Debt Index,0.0000,0,0,0,11.86
SBI FMP-48-1458D,Fixed Maturity Plans,Growth,44.4005,38,CRISIL Medium Duration Debt Index,0.0000,0,0,0,11.84
SBI FMP-49-1823D,Fixed Maturity Plans,Growth,372.4064,38,CRISIL Medium to Long Term Debt Index,0.0000,0,0,0,11.87
SBI FMP-50-1843D,Fixed Maturity Plans,Growth,114.8263,37,CRISIL Medium to Long Term Debt Index,0.0000,0,0,0,11.75
SBI FMP-51-1846D,Fixed Maturity Plans,Growth,281.6475,37,CRISIL Medium to Long Term Debt Index,0.0000,0,0,0,11.73
SBI FMP-52-1848D,Fixed Maturity Plans,Growth,129.2649,37,CRISIL Medium to Long Term Debt Index,0.0000,0,0,0,11.72
SBI FMP-53-1839D,Fixed Maturity Plans,Growth,291.157,36,CRISIL Medium to Long Term Debt Index,0.0000,0,0,0,11.72
SBI FMP-54-1842D,Fixed Maturity Plans,Growth,35.4718,35,CRISIL Medium to Long Term Debt Index,0.0000,0,0,0,11.70
SBI FMP-55-1849D,Fixed Maturity Plans,Growth,239.1971,35,CRISIL Medium to Long Term Debt Index,0.0000,0,0,0,11.67
SBI FMP-56-1232D,Fixed Maturity Plans,Growth,275.1344,34,CRISIL Medium Duration Debt Index,0.0000,0,0,0,11.55
SBI FMP-57-1835D,Fixed Maturity Plans,Growth,242.0597,34,CRISIL Medium to Long Term Debt Index,0.0000,0,0,0,11.59
SBI FMP-58-1842D,Fixed Maturity Plans,Growth,238.2981,33,CRISIL Medium to Long Term Debt Index,0.0000,0,0,0,11.69
SBI FMP-59-1618D,Fixed Maturity Plans,Growth,26.4085,33,CRISIL Medium to Long Term Debt Index,0.0000,0,0,0,11.58
SBI FMP-60-1878D,Fixed Maturity Plans,Growth,233.0258,32,CRISIL Medium to Long Term Debt Index,0.0000,0,0,0,11.59
SBI FMP-61-1927D,Fixed Maturity Plans,Growth,318.1513,31,CRISIL Medium to Long Term Debt Index,0.0000,0,0,0,11.63
SBI FMP-6-3668D,Fixed Maturity Plans,Growth,33.0219,65,Crisil Long Term Debt Index,0.0000,0,0,0,15.08
SBI FMP-64-1169D,Fixed Maturity Plans,Growth,380.4716,26,CRISIL Medium Duration Debt Index,0.0000,0,0,0,11.44
SBI FMP-66-1361D,Fixed Maturity Plans,Growth,643.6316,27,CRISIL Medium Duration Debt Index,0.0000,0,0,0,11.66
SBI FMP-67-1467D,Fixed Maturity Plans,Growth,556.6383,27,CRISIL Medium to Long Term Debt Index,0.0000,0,0,0,11.62
SBI FMP-68-1302D,Fixed Maturity Plans,Growth,184.3721,25,CRISIL Medium Duration Debt Index,0.0000,0,0,0,11.51
SBI FMP-72-1239D,Fixed Maturity Plans,Growth,320.4236,23,CRISIL Medium Duration Debt Index,0.0000,0,0,0,11.36
SBI FMP-73-1226D,Fixed Maturity Plans,Growth,190.4665,22,CRISIL Medium Duration Debt Index,0.0000,0,0,0,11.33
SBI FMP-74-1243D,Fixed Maturity Plans,Growth,150.6612,21,CRISIL Medium Duration Debt Index,0.0000,0,0,0,11.31
SBI FMP-76-1221D,Fixed Maturity Plans,Growth,157.874,21,CRISIL Medium Duration Debt Index,0.0000,0,0,0,11.25
SBI FMP-78-1170D,Fixed Maturity Plans,Growth,118.55,20,CRISIL Medium Duration Debt Index,0.0000,0,0,0,11.23
SBI FMP-79-1130D,Fixed Maturity Plans,Growth,77.7096,19,CRISIL Medium Duration Debt Index,0.0000,0,0,0,11.19
SBI FMP-81-1157D,Fixed Maturity Plans,Growth,390.1927,19,CRISIL Medium Duration Debt Index,0.0000,0,0,0,11.12
SBI Liquid Fund,Liquid Fund,Growth,67570.4796,142,Nifty Liquid Fund Index,0.0055,0,500,12000,3896.77
SBI Long Duration Fund,Long Duration Fund,Growth,2148.8312,22,CRISIL Long Duration Debt Index,0.2500,0,5000,500,11.87
SBI Magnum Constant Maturity Fund,Gilt - Long Term Fund,Growth,1658.1176,141,Nifty 10 yr Benchmark G-Sec,0.0000,0,5000,3000,61.57
SBI Magnum Gilt Fund,Gilt - Short & Mid Term Fund,Growth,8870.9218,141,Nifty All Duration G-Sec Index,0.0000,0,5000,1000,65.84
SBI Magnum Income Fund,Medium to Long Duration Fund,Growth,1792.0877,141,CRISIL Medium to Long Term Debt Index,1.0000,0,5000,5000,71.20
SBI Magnum Low Duration Fund,Low Duration Fund,Growth,11204.0145,141,CRISIL Low Duration Debt Index,0.0000,0,5000,5000,3407.99
SBI Magnum Medium Duration Fund,Medium Duration Fund,Growth,5876.2328,141,NIFTY Medium Duration Debt Index,1.0000,0,5000,500,51.49
SBI Magnum Ultra Short Duration Fund,Ultra Short Duration Fund,Growth,12828.4235,142,CRISIL Ultra Short Term Debt Index,0.0000,0,5000,1500,5719.95
SBI Overnight Fund,Overnight Fund,Growth,16624.5081,141,CRISIL Liquid Overnight Index,0.0000,0,5000,12000,4005.78
SBI Savings Fund,Money Market Fund,Growth,28686.0603,141,CRISIL Money Market Index,0.0000,0,500,1500,41.75
SBI Short Term Debt Fund,Short Duration Fund,Growth,13299.6465,141,CRISIL Short Duration Debt Index,0.0000,0,5000,1000,31.76
Shriram Overnight Fund,Overnight Fund,Growth,308.501,26,CRISIL Liquid Overnight Index,0.0000,0,5000,0,11.39
Sundaram Banking & PSU Fund,Banking & PSU Fund,Growth,332.736716,141,NIFTY Banking and PSU Debt Index,0.0000,0,5000,0,40.76
Sundaram Corp Bond Fund,Corporate Bond Fund,Growth,712.183738,137,NIFTY Corporate Bond Index,0.0000,0,5000,1000,38.74
Sundaram Liquid Fund,Liquid Fund,Growth,5595.140178,141,Nifty Liquid Fund Index,0.0065,0,1000,0,2199.55
Sundaram Low Duration Fund,Low Duration Fund,Growth,379.612858,141,NIFTY Low Duration Debt Index,0.0000,0,1000,750,3469.91
Sundaram Medium Duration Fund,Medium Duration Fund,Growth,43.048243,141,NIFTY Medium Duration Debt Index,1.0000,0,5000,250,72.45
Sundaram Money Market Fund,Money Market Fund,Growth,229.856679,73,Nifty Money Market Index,0.0000,0,1000,1000,14.17
Sundaram Overnight Fund,Overnight Fund,Growth,660.334769,67,Nifty 1D Rate Index,0.0000,0,5000,0,1308.29
Sundaram Short Duration Fund,Short Duration Fund,Growth,182.369065,141,Nifty Short Duration Debt Index,0.0000,0,5000,0,44.56
Sundaram Ultra Short Duration Fund,Ultra Short Duration Fund,Growth,1828.014605,141,NIFTY Ultra Short Duration Debt Index,0.0000,0,1000,0,2752.31
Tata Corp Bond Fund,Corporate Bond Fund,Growth,1778.925918,34,CRISIL Corporate Bond Index,0.0000,0,5000,150,11.77
Tata CRISIL IBX Gilt Index - April 2026 Index Fund,Gilt - Short & Mid Term Fund,Growth,1107.822635,25,CRISIL IBX Gilt Index - April 2026,0.0000,0,5000,0,11.52
Tata Floating Rate Fund,Floating Rate Fund,Growth,197.107246,39,CRISIL Short Term Bond Index,0.0000,0,5000,0,12.10
Tata Gilt Securities Fund,Gilt - Short & Mid Term Fund,Growth,719.8643399,141,CRISIL Dynamic Gilt Index,0.0000,0,5000,1500,81.55
Tata Liquid Fund,Liquid Fund,Growth,22261.95168,142,CRISIL Liquid Debt Index,0.0045,0,5000,150,3929.21
Tata Money Market Fund,Money Market Fund,Growth,27628.33163,142,CRISIL Money Market Index,0.0000,0,5000,0,4510.74
Tata Nifty G-Sec Dec 2026 Index Fund,Gilt - Short & Mid Term Fund,Growth,117.8990299,21,Nifty G-sec Dec 2026 Index,0.0000,0,5000,0,11.27
Tata Nifty G-Sec Dec 2029 Index Fund,Gilt - Short & Mid Term Fund,Growth,177.862064,21,Nifty G-Sec Dec 2029 Index,0.0000,0,5000,1500,11.42
Tata Nifty SDL Plus AAA PSU Bond Dec 2027 60:40 Index Fund,Corporate Bond Fund,Growth,861.7298688,31,Nifty SDL Plus AAA PSU Bond Dec 2027 60: 40 Index - TRI,0.0000,0,5000,0,11.66
Tata Overnight Fund,Overnight Fund,Growth,4941.573354,67,CRISIL Liquid Overnight Index,0.0000,0,5000,150,1299.17
Tata ST Bond Fund,Short Duration Fund,Growth,2440.99735,141,CRISIL Short Duration Debt Index,0.0000,0,5000,150,49.43
Tata Treasury Advantage Fund,Low Duration Fund,Growth,2641.143014,141,CRISIL Low Duration Debt Index,0.0000,0,5000,150,3791.43
Tata Ultra Short Term Fund,Ultra Short Duration Fund,Growth,2531.092785,69,CRISIL Ultra Short Term Debt Index,0.0000,0,5000,150,13.98
TRUSTMF Banking & PSU Fund,Banking & PSU Fund,Growth,223.6553251,44,CRISIL Banking and PSU Debt Index,0.0000,0,1000,0,1211.33
TRUSTMF Corporate Bond Fund,Corporate Bond Fund,Growth,64.72016237,21,CRISIL Corporate Bond Index,0.0000,0,1000,0,1125.95
TRUSTMF FMP-SR-II,Fixed Maturity Plans,Growth,57.02074314,19,CRISIL Medium Duration Debt Index,0.0000,0,0,0,1128.17
TRUSTMF Liquid Fund,Liquid Fund,Growth,249.5372042,42,CRISIL Liquid Debt Index,0.0065,0,1000,1000,1206.78
TRUSTMF Money Market Fund,Money Market Fund,Growth,68.50415013,26,CRISIL Money Market Index,0.0000,0,1000,1000,1152.20
TRUSTMF Overnight Fund,Overnight Fund,Growth,369.3021299,33,CRISIL Liquid Overnight Index,0.0000,0,1000,1000,1165.66
TRUSTMF Short Duration Fund,Short Duration Fund,Growth,131.5150619,38,CRISIL Short Duration Debt Index,0.0000,0,1000,0,1188.71
Union Corporate Bond Fund,Corporate Bond Fund,Growth,289.732,77,CRISIL Corporate Bond Index,1.0000,0,1000,500,14.55
Union Dynamic Bond,Dynamic Bond Fund,Growth,112.5514,141,CRISIL Dynamic Bond Index,1.0000,0,1000,0,23.21
Union FMP-Sr 13,Fixed Maturity Plans,Growth,24.625,19,CRISIL Medium Duration Debt Index,0.0000,0,0,0,11.10
Union Gilt Fund,Gilt - Short & Mid Term Fund,Growth,172.1424,26,CRISIL Dynamic Gilt Index,0.0000,0,1000,100,11.72
Union Liquid Fund,Liquid Fund,Growth,5093.742,142,CRISIL Liquid Debt Index,0.0065,0,5000,0,2401.60
Union Medium Duration Fund,Medium Duration Fund,Growth,91.1934,49,CRISIL Medium Duration Debt Index,1.0000,0,1000,0,12.22
Union Money Market Fund,Money Market Fund,Growth,186.7439,38,CRISIL Money Market Index,0.0000,0,5000,0,1190.63
Union Overnight Fund,Overnight Fund,Growth,245.4457,67,CRISIL Liquid Overnight Index,0.0000,0,5000,0,1296.41
UTI Annual Interval Fund-I,Debt - Interval Fund,Growth,21.5763,134,CRISIL Low Duration Debt Index,0.0000,0,0,0,33.04
UTI Annual Interval Fund-II,Debt - Interval Fund,Growth,12.4655,132,CRISIL Low Duration Debt Index,0.0000,0,0,0,32.58
UTI Banking & PSU Fund,Banking & PSU Fund,Growth,831.8363,128,NIFTY Banking and PSU Debt Index,0.0000,0,500,500,20.85
UTI Corporate Bond Fund,Corporate Bond Fund,Growth,3943.4275,74,NIFTY Corporate Bond Index,0.0000,0,500,0,15.60
UTI Credit Risk Fund,Credit Risk Fund,Growth,343.1506,141,CRISIL Credit Risk Debt Index,1.0000,0,500,0,18.03
UTI CRISIL SDL Maturity April 2033 Index Fund,Gilt - Short & Mid Term Fund,Growth,320.8665,22,CRISIL IBX Gilt Index - April 2033,0.0000,0,5000,500,11.55
UTI CRISIL SDL Maturity June 2027 Index Fund,Gilt - Short & Mid Term Fund,Growth,81.1357,21,CRISIL IBX SDL Index - June 2027,0.0000,0,5000,1500,11.32
UTI Dynamic Bond Fund,Dynamic Bond Fund,Growth,456.329,141,CRISIL Dynamic Bond Index,0.0000,0,500,1500,31.39
UTI Floater Fund,Floating Rate Fund,Growth,1361.8068,72,NIFTY Low Duration Debt Index,0.0000,0,500,1500,1469.01
UTI FTIF-XXXV-I(1260D),Fixed Maturity Plans,Growth,309.6272,23,CRISIL Medium Duration Debt Index,0.0000,0,0,0,11.43
UTI FTIF-XXXV-II(1223D),Fixed Maturity Plans,Growth,172.5916,22,CRISIL Medium Duration Debt Index,0.0000,0,0,0,11.31
UTI FTIF-XXXVI-I(1574D),Fixed Maturity Plans,Growth,56.5468,20,CRISIL Medium to Long Term Debt Index,0.0000,0,0,0,11.35
UTI FTIF-XXXV-III(1176D),Fixed Maturity Plans,Growth,41.8549,21,CRISIL Medium Duration Debt Index,0.0000,0,0,0,11.25
UTI Gilt Fund,Gilt - Short & Mid Term Fund,Growth,647.4816,141,CRISIL Dynamic Gilt Index,0.0000,0,500,500,61.28
UTI Gilt Fund with 10 year Constant Duration,Gilt - Long Term Fund,Growth,163.4052,26,Crisil 10 Yr Gilt Index,0.0000,0,5000,500,11.87
UTI Liquid Fund,Liquid Fund,Growth,23290.8167,142,Nifty Liquid Fund Index,0.0060,0,500,0,4081.90
UTI Long Duration Fund,Long Duration Fund,Growth,103.2186,19,NIFTY Long Duration Debt Index,0.0000,0,5000,0,11.61
UTI Low Duration Fund,Low Duration Fund,Growth,2849.0908,141,NIFTY Low Duration Debt Index,0.0000,0,20000,0,3381.19
UTI Medium Duration Fund,Medium Duration Fund,Growth,39.9063,115,NIFTY Medium Duration Debt Index,1.0000,0,500,0,18.29
UTI Medium to Long Duration Fund,Medium to Long Duration Fund,Growth,307.0666,141,CRISIL Medium to Long Term Debt Index,3.0000,0,500,500,74.84
UTI Money Market Fund,Money Market Fund,Growth,15169.7073,142,CRISIL Money Market Index,0.0000,0,500,500,2929.02
UTI Nifty SDL Plus AAA PSU Bond Apr 2026 75:25 Index Fund,Gilt - Short & Mid Term Fund,Growth,176.4458,20,Nifty SDL Plus AAA PSU Bond Apr 2026 75:25 Index,0.0000,0,5000,0,11.23
UTI Nifty SDL Plus AAA PSU Bond Apr 2028 75:25 Index Fund,Gilt - Short & Mid Term Fund,Growth,41.1847,19,Nifty SDL Plus AAA PSU Bond Apr 2028 75:25 Index,0.0000,0,5000,500,11.30
UTI Overnight Fund,Overnight Fund,Growth,3096.9514,141,CRISIL Liquid Overnight Index,0.0000,0,20000,500,3370.49
UTI Quarterly Interval Fund-I,Debt - Interval Fund,Growth,9.71,141,CRISIL Liquid Debt Index,0.0000,0,0,0,32.98
UTI Quarterly Interval Fund-II,Debt - Interval Fund,Growth,2.4032,141,CRISIL Liquid Debt Index,0.0000,0,0,0,29.66
UTI Quarterly Interval Fund-III,Debt - Interval Fund,Growth,10.412,141,CRISIL Liquid Debt Index,0.0000,0,0,0,30.13
UTI Short Duration Fund,Short Duration Fund,Growth,2884.385,141,CRISIL Short Duration Debt Index,0.0000,0,500,500,31.49
UTI Ultra Short Duration Fund,Ultra Short Duration Fund,Growth,2143.6938,141,NIFTY Ultra Short Duration Debt Index,0.0000,0,500,500,4273.71
WOC Liquid Fund,Liquid Fund,Growth,285.9251,69,CRISIL Liquid Debt Index,0.0055,0,500,500,1335.28
WOC Ultra Short Duration Fund,Ultra Short Duration Fund,Growth,278.4853,64,CRISIL Ultra Short Term Debt Index,0.0000,0,500,1500,1327.62
